Workbook

Sheet Sheet1

Sheet Monthly Data
A1: category | B1: month | C1: order_count | D1: total_revenue | E1: avg_revenue
A2: Bakery | B2: 2026-01 | C2: 6 | D2: 735 | E2: 122.5
A3: Bakery | B3: 2026-02 | C3: 8 | D3: 2440 | E3: 305.0
A4: Bakery | B4: 2026-03 | C4: 11 | D4: 3090 | E4: 280.90909090909093
A5: Bakery | B5: 2026-04 | C5: 13 | D5: 3115 | E5: 239.6153846153846
A6: Bakery | B6: 2026-05 | C6: 15 | D6: 3695 | E6: 246.33333333333334
A7: Bakery | B7: 2026-06 | C7: 14 | D7: 2335 | E7: 166.78571428571428
A8: Dairy & Eggs | B8: 2026-01 | C8: 9 | D8: 2035 | E8: 226.11111111111111
A9: Dairy & Eggs | B9: 2026-02 | C9: 8 | D9: 1935 | E9: 241.875
A10: Dairy & Eggs | B10: 2026-03 | C10: 15 | D10: 3163 | E10: 210.86666666666667
A11: Dairy & Eggs | B11: 2026-04 | C11: 9 | D11: 1650 | E11: 183.33333333333334
A12: Dairy & Eggs | B12: 2026-05 | C12: 14 | D12: 3479 | E12: 248.5
A13: Dairy & Eggs | B13: 2026-06 | C13: 11 | D13: 1828 | E13: 166.1818181818182
... A37: Snacks & Beverages | B37: 2026-06 | C37: 15 | D37: 1960 | E37: 130.66666666666666

Sheet Category Targets
A1: category | B1: target_revenue_inr
A2: Fruits & Vegetables | B2: 12000
A3: Dairy & Eggs | B3: 16500
A4: Snacks & Beverages | B4: 13000
A5: Personal Care | B5: 15500
A6: Household Essentials | B6: 17000
A7: Bakery | B7: 12000

Sheet Pivot Table
A1: category | B1: SUM of total_revenue | C1: SUM of order_count | E1: Submission note
A2: Fruits & Vegetables | B2: =SUMIF('Monthly Data'!$A:$A,A2,'Monthly Data'!$D:$D) -> 9790 | C2: =SUMIF('Monthly Data'!$A:$A,A2,'Monthly Data'!$C:$C) -> 73 | E2: Replace this formula-driven pivot-style summary with a native working PivotTable in Google Sheets/Excel before final GitHub submission.
A3: Dairy & Eggs | B3: =SUMIF('Monthly Data'!$A:$A,A3,'Monthly Data'!$D:$D) -> 14090 | C3: =SUMIF('Monthly Data'!$A:$A,A3,'Monthly Data'!$C:$C) -> 66
A4: Snacks & Beverages | B4: =SUMIF('Monthly Data'!$A:$A,A4,'Monthly Data'!$D:$D) -> 10895 | C4: =SUMIF('Monthly Data'!$A:$A,A4,'Monthly Data'!$C:$C) -> 83
A5: Personal Care | B5: =SUMIF('Monthly Data'!$A:$A,A5,'Monthly Data'!$D:$D) -> 16382 | C5: =SUMIF('Monthly Data'!$A:$A,A5,'Monthly Data'!$C:$C) -> 66
A6: Household Essentials | B6: =SUMIF('Monthly Data'!$A:$A,A6,'Monthly Data'!$D:$D) -> 21715 | C6: =SUMIF('Monthly Data'!$A:$A,A6,'Monthly Data'!$C:$C) -> 79
A7: Bakery | B7: =SUMIF('Monthly Data'!$A:$A,A7,'Monthly Data'!$D:$D) -> 15410 | C7: =SUMIF('Monthly Data'!$A:$A,A7,'Monthly Data'!$C:$C) -> 67

Sheet Category Summary
A1: category | B1: total_revenue | C1: target_revenue_inr | D1: variance | E1: percentage_variance | F1: target_status | G1: Matches Part 1 SQL total?
A2: Fruits & Vegetables | B2: ='Pivot Table'!B2 -> 9790 | C2: {=_xlfn.XLOOKUP(A2,'Category Targets'!A2:A7,'Category Targets'!B2:B7,"Not Found")} -> 12000 | D2: =B2-C2 -> -2210 | E2: =((B2-C2)/C2)*100 -> -18.416667 | F2: =IF(B2>=C2,"Above Target",IF((C2-B2)/C2<=15%,"Below Target - Watch","Below Target - Critical")) -> Below Target - Critical | G2: Yes
A3: Dairy & Eggs | B3: ='Pivot Table'!B3 -> 14090 | C3: {=_xlfn.XLOOKUP(A3,'Category Targets'!A3:A8,'Category Targets'!B3:B8,"Not Found")} -> 16500 | D3: =B3-C3 -> -2410 | E3: =((B3-C3)/C3)*100 -> -14.606061 | F3: =IF(B3>=C3,"Above Target",IF((C3-B3)/C3<=15%,"Below Target - Watch","Below Target - Critical")) -> Below Target - Watch | G3: Yes
A4: Snacks & Beverages | B4: ='Pivot Table'!B4 -> 10895 | C4: {=_xlfn.XLOOKUP(A4,'Category Targets'!A4:A9,'Category Targets'!B4:B9,"Not Found")} -> 13000 | D4: =B4-C4 -> -2105 | E4: =((B4-C4)/C4)*100 -> -16.192308 | F4: =IF(B4>=C4,"Above Target",IF((C4-B4)/C4<=15%,"Below Target - Watch","Below Target - Critical")) -> Below Target - Critical | G4: Yes
A5: Personal Care | B5: ='Pivot Table'!B5 -> 16382 | C5: {=_xlfn.XLOOKUP(A5,'Category Targets'!A5:A10,'Category Targets'!B5:B10,"Not Found")} -> 15500 | D5: =B5-C5 -> 882 | E5: =((B5-C5)/C5)*100 -> 5.6903226 | F5: =IF(B5>=C5,"Above Target",IF((C5-B5)/C5<=15%,"Below Target - Watch","Below Target - Critical")) -> Above Target | G5: Yes
A6: Household Essentials | B6: ='Pivot Table'!B6 -> 21715 | C6: {=_xlfn.XLOOKUP(A6,'Category Targets'!A6:A11,'Category Targets'!B6:B11,"Not Found")} -> 17000 | D6: =B6-C6 -> 4715 | E6: =((B6-C6)/C6)*100 -> 27.735294 | F6: =IF(B6>=C6,"Above Target",IF((C6-B6)/C6<=15%,"Below Target - Watch","Below Target - Critical")) -> Above Target | G6: Yes
A7: Bakery | B7: ='Pivot Table'!B7 -> 15410 | C7: {=_xlfn.XLOOKUP(A7,'Category Targets'!A7:A12,'Category Targets'!B7:B12,"Not Found")} -> 12000 | D7: =B7-C7 -> 3410 | E7: =((B7-C7)/C7)*100 -> 28.416667 | F7: =IF(B7>=C7,"Above Target",IF((C7-B7)/C7<=15%,"Below Target - Watch","Below Target - Critical")) -> Above Target | G7: Yes
